target,dim,rep,variant,n_samples,runtime_s,energy_distance,mmd2,marginal_JS,ess
hier,10,0,single@2000,2000,30.56,0.0938361889335097,0.0210421153804103,0.1244457416892722,1898.3317774640475
hier,10,0,single@10000,10000,45.73,0.0789884716191475,0.0151975285400691,0.0874625530870661,9878.386200792544
hier,10,0,uniform_pool,10000,161.4,0.0456225398386944,0.0110188878719914,0.078201523671682,9627.00194894768
hier,10,0,full_ensemble,10000,161.4,0.0652888245234302,0.0093214318384542,0.0969155900227799,9971.21344754287
hier,10,1,single@2000,2000,30.5,0.06758606485266894,0.016240047879328312,0.11550469319565379,1947.7640181138843
hier,10,1,single@10000,10000,45.25,0.10243337047265744,0.01640896268135439,0.09184522512217679,9829.645815265172
hier,10,1,uniform_pool,10000,162.6,0.06518493035913187,0.014647358621766804,0.08588105334160699,9929.15302068665
hier,10,1,full_ensemble,10000,162.6,0.07913768266176824,0.015936529877780492,0.10248476843237193,9798.663403769102
